{"weights": [[[7.999118109327791, -1.0008818906722077], [-4.000000005547324, 8.999999994452676], [-1.0000000000688687, 8.999999999931132]], [[9.999072367483997, 5.999072367483997, -4.000927632516003], [-3.98779029412221, -10.98779029412221, -10.98779029412221], [-5.870141806277452, 4.129858193722547, -12.870141806277454]]], "biases": [[6.999117506652938, -10.007508721350042, 1.9113616511102365], [0.9990717648082033, -11.999999994446107, -11.99999981413573]]}